-- MySQL dump 10.13  Distrib 5.6.13, for osx10.7 (x86_64)
--
-- Host: localhost    Database: tms_development
-- ------------------------------------------------------
-- Server version	5.6.13

/*!40101 SET @OLD_CHARACTER_SET_CLIENT=@@CHARACTER_SET_CLIENT */;
/*!40101 SET @OLD_CHARACTER_SET_RESULTS=@@CHARACTER_SET_RESULTS */;
/*!40101 SET @OLD_COLLATION_CONNECTION=@@COLLATION_CONNECTION */;
/*!40101 SET NAMES utf8 */;
/*!40103 SET @OLD_TIME_ZONE=@@TIME_ZONE */;
/*!40103 SET TIME_ZONE='+00:00' */;
/*!40014 SET @OLD_UNIQUE_CHECKS=@@UNIQUE_CHECKS, UNIQUE_CHECKS=0 */;
/*!40014 SET @OLD_FOREIGN_KEY_CHECKS=@@FOREIGN_KEY_CHECKS, FOREIGN_KEY_CHECKS=0 */;
/*!40101 SET @OLD_SQL_MODE=@@SQL_MODE, SQL_MODE='NO_AUTO_VALUE_ON_ZERO' */;
/*!40111 SET @OLD_SQL_NOTES=@@SQL_NOTES, SQL_NOTES=0 */;

--
-- Table structure for table `activity_logs`
--

DROP TABLE IF EXISTS `activity_logs`;
/*!40101 SET @saved_cs_client     = @@character_set_client */;
/*!40101 SET character_set_client = utf8 */;
CREATE TABLE `activity_logs` (
  `id` int(11) NOT NULL AUTO_INCREMENT,
  `user_id` varchar(255) COLLATE utf8_unicode_ci DEFAULT NULL,
  `browser` varchar(255) COLLATE utf8_unicode_ci DEFAULT NULL,
  `ip_addr` varchar(255) COLLATE utf8_unicode_ci DEFAULT NULL,
  `controller` varchar(255) COLLATE utf8_unicode_ci DEFAULT NULL,
  `action` varchar(255) COLLATE utf8_unicode_ci DEFAULT NULL,
  `params` text COLLATE utf8_unicode_ci,
  `note` varchar(255) COLLATE utf8_unicode_ci DEFAULT NULL,
  `created_at` datetime NOT NULL,
  `updated_at` datetime NOT NULL,
  PRIMARY KEY (`id`)
) ENGINE=InnoDB AUTO_INCREMENT=56 DEFAULT CHARSET=utf8 COLLATE=utf8_unicode_ci;
/*!40101 SET character_set_client = @saved_cs_client */;

--
-- Dumping data for table `activity_logs`
--

LOCK TABLES `activity_logs` WRITE;
/*!40000 ALTER TABLE `activity_logs` DISABLE KEYS */;
INSERT INTO `activity_logs` VALUES (1,'10','Mozilla/5.0 (Macintosh; Intel Mac OS X 10_7_5) AppleWebKit/537.36 (KHTML, like Gecko) Chrome/28.0.1500.95 Safari/537.36','127.0.0.1','projects','upload','{\"utf8\"=>\"✓\", \"authenticity_token\"=>\"lqzey98v1yILS6Z8dxl0w7XmYphAHyyq5XDH7scVt9U=\", \"file\"=>#<ActionDispatch::Http::UploadedFile:0x007f82faaa93b0 @original_filename=\"test.pdf\", @content_type=\"application/pdf\", @headers=\"Content-Disposition: form-data; name=\\\"file\\\"; filename=\\\"test.pdf\\\"\\r\\nContent-Type: application/pdf\\r\\n\", @tempfile=#<File:/var/folders/9l/m7c28_t93d36ht9nll4kl0tr0000gn/T/RackMultipart20130812-36590-sgnn6>>, \"user_id\"=>\"10\", \"project_id\"=>\"4\", \"commit\"=>\"Upload\", \"controller\"=>\"projects\", \"action\"=>\"upload\", \"id\"=>\"4\"}','uploaded test.pdf','2013-08-12 15:06:46','2013-08-12 15:06:46'),(2,'10','Mozilla/5.0 (Macintosh; Intel Mac OS X 10_7_5) AppleWebKit/537.36 (KHTML, like Gecko) Chrome/28.0.1500.95 Safari/537.36','127.0.0.1','projects','create','{\"utf8\"=>\"✓\", \"authenticity_token\"=>\"lqzey98v1yILS6Z8dxl0w7XmYphAHyyq5XDH7scVt9U=\", \"project\"=>{\"title\"=>\"My test project\", \"abstract\"=>\"This is only a test project\"}, \"commit\"=>\"Create Project\", \"action\"=>\"create\", \"controller\"=>\"projects\", \"user_id\"=>\"10\"}','created new project: 6','2013-08-12 15:15:26','2013-08-12 15:15:26'),(3,'10','Mozilla/5.0 (Macintosh; Intel Mac OS X 10_7_5) AppleWebKit/537.36 (KHTML, like Gecko) Chrome/28.0.1500.95 Safari/537.36','127.0.0.1','projects','download','{\"file_name\"=>\"FYP CA - U099095A.pdf\", \"controller\"=>\"projects\", \"action\"=>\"download\"}','downloaded FYP CA - U099095A.pdf','2013-08-12 15:16:31','2013-08-12 15:16:31'),(4,'10','Mozilla/5.0 (Macintosh; Intel Mac OS X 10_7_5) AppleWebKit/537.36 (KHTML, like Gecko) Chrome/28.0.1500.95 Safari/537.36','127.0.0.1','project_files','destroy','{\"_method\"=>\"delete\", \"authenticity_token\"=>\"lqzey98v1yILS6Z8dxl0w7XmYphAHyyq5XDH7scVt9U=\", \"controller\"=>\"project_files\", \"action\"=>\"destroy\", \"id\"=>\"21\"}','deleted file test.pdf','2013-08-12 15:19:16','2013-08-12 15:19:16'),(5,'10','Mozilla/5.0 (Macintosh; Intel Mac OS X 10_7_5) AppleWebKit/537.36 (KHTML, like Gecko) Chrome/28.0.1500.95 Safari/537.36','127.0.0.1','project_files','destroy','{\"_method\"=>\"delete\", \"authenticity_token\"=>\"lqzey98v1yILS6Z8dxl0w7XmYphAHyyq5XDH7scVt9U=\", \"controller\"=>\"project_files\", \"action\"=>\"destroy\", \"id\"=>\"19\"}','deleted file test.pdf in project id 4','2013-08-12 15:20:32','2013-08-12 15:20:32'),(6,'10','Mozilla/5.0 (Macintosh; Intel Mac OS X 10_7_5) AppleWebKit/537.36 (KHTML, like Gecko) Chrome/28.0.1500.95 Safari/537.36','127.0.0.1','users','create_new','{\"utf8\"=>\"✓\", \"authenticity_token\"=>\"lqzey98v1yILS6Z8dxl0w7XmYphAHyyq5XDH7scVt9U=\", \"user\"=>{\"email\"=>\"khoatran@nus.edu.sg\", \"password\"=>\"qwerty123\", \"password_confirmation\"=>\"qwerty123\", \"first_name\"=>\"\", \"last_name\"=>\"\", \"title\"=>\"\", \"university\"=>\"\", \"department\"=>\"\", \"level\"=>\"10\"}, \"commit\"=>\"Create\", \"controller\"=>\"users\", \"action\"=>\"create_new\"}','created new user: 11','2013-08-12 15:23:35','2013-08-12 15:23:35'),(7,'10','Mozilla/5.0 (Macintosh; Intel Mac OS X 10_7_5) AppleWebKit/537.36 (KHTML, like Gecko) Chrome/28.0.1500.95 Safari/537.36','127.0.0.1','users','destroy','{\"_method\"=>\"delete\", \"authenticity_token\"=>\"lqzey98v1yILS6Z8dxl0w7XmYphAHyyq5XDH7scVt9U=\", \"controller\"=>\"users\", \"action\"=>\"destroy\", \"id\"=>\"11\"}','deleted user: khoatran@nus.edu.sg','2013-08-12 15:23:55','2013-08-12 15:23:55'),(8,'10','Mozilla/5.0 (Macintosh; Intel Mac OS X 10_7_5) AppleWebKit/537.36 (KHTML, like Gecko) Chrome/28.0.1500.95 Safari/537.36','127.0.0.1','users','create_new','{\"utf8\"=>\"✓\", \"authenticity_token\"=>\"lqzey98v1yILS6Z8dxl0w7XmYphAHyyq5XDH7scVt9U=\", \"user\"=>{\"email\"=>\"khoatran@nus.edu.sg\", \"password\"=>\"qwerty123\", \"password_confirmation\"=>\"qwerty123\", \"first_name\"=>\"Khoa\", \"last_name\"=>\"Tran\", \"title\"=>\"Mr.\", \"university\"=>\"NUS\", \"department\"=>\"CEG\", \"role\"=>\"student\"}, \"commit\"=>\"Create\", \"controller\"=>\"users\", \"action\"=>\"create_new\"}','created new user: khoatran@nus.edu.sg','2013-08-13 07:49:09','2013-08-13 07:49:09'),(9,'10','Mozilla/5.0 (Macintosh; Intel Mac OS X 10_7_5) AppleWebKit/537.36 (KHTML, like Gecko) Chrome/28.0.1500.95 Safari/537.36','127.0.0.1','users','update','{\"utf8\"=>\"✓\", \"_method\"=>\"put\", \"authenticity_token\"=>\"2SBZjLXt/tjX8jsrmkHmOBNIW+uPP+sCxRZzQqDIJ/Q=\", \"user\"=>{\"email\"=>\"khoatran@nus.edu.sg\", \"first_name\"=>\"Khoa\", \"last_name\"=>\"Tran\", \"title\"=>\"Mr.\", \"university\"=>\"NUS\", \"department\"=>\"CEG\", \"role\"=>\"student\"}, \"commit\"=>\"Update\", \"controller\"=>\"users\", \"action\"=>\"update\", \"id\"=>\"12\"}','updated user details: 12','2013-08-13 08:55:53','2013-08-13 08:55:53'),(10,'10','Mozilla/5.0 (Macintosh; Intel Mac OS X 10_7_5) AppleWebKit/537.36 (KHTML, like Gecko) Chrome/28.0.1500.95 Safari/537.36','127.0.0.1','users','update','{\"utf8\"=>\"✓\", \"_method\"=>\"put\", \"authenticity_token\"=>\"2SBZjLXt/tjX8jsrmkHmOBNIW+uPP+sCxRZzQqDIJ/Q=\", \"user\"=>{\"email\"=>\"khoatran@nus.edu.sg\", \"first_name\"=>\"Khoa\", \"last_name\"=>\"Tran\", \"title\"=>\"Mr.\", \"university\"=>\"NUS\", \"department\"=>\"CEG\", \"role\"=>\"manager\"}, \"commit\"=>\"Update\", \"controller\"=>\"users\", \"action\"=>\"update\", \"id\"=>\"12\"}','updated user details: 12','2013-08-13 08:56:08','2013-08-13 08:56:08'),(11,'10','Mozilla/5.0 (Macintosh; Intel Mac OS X 10_7_5) AppleWebKit/537.36 (KHTML, like Gecko) Chrome/28.0.1500.95 Safari/537.36','127.0.0.1','users','update','{\"utf8\"=>\"✓\", \"_method\"=>\"put\", \"authenticity_token\"=>\"2SBZjLXt/tjX8jsrmkHmOBNIW+uPP+sCxRZzQqDIJ/Q=\", \"user\"=>{\"email\"=>\"khoatran@nus.edu.sg\", \"first_name\"=>\"Khoa\", \"last_name\"=>\"Tran\", \"title\"=>\"Mr.\", \"university\"=>\"NUS\", \"department\"=>\"CEG\", \"role\"=>\"student\"}, \"commit\"=>\"Update\", \"controller\"=>\"users\", \"action\"=>\"update\", \"id\"=>\"12\"}','updated user details: 12','2013-08-13 08:58:33','2013-08-13 08:58:33'),(12,'12','Mozilla/5.0 (Macintosh; Intel Mac OS X 10_7_5) AppleWebKit/537.36 (KHTML, like Gecko) Chrome/28.0.1500.95 Safari/537.36','127.0.0.1','projects','create','{\"utf8\"=>\"✓\", \"authenticity_token\"=>\"R+xrQFu4l2n5vmc+vCHsbEvXxPUDkZtoWiG9+vPVNsY=\", \"project\"=>{\"title\"=>\"This is another test project\", \"abstract\"=>\"The test project abstract will be very short\"}, \"commit\"=>\"Create Project\", \"action\"=>\"create\", \"controller\"=>\"projects\", \"user_id\"=>\"12\"}','created new project: 7','2013-08-13 09:04:53','2013-08-13 09:04:53'),(13,'10','Mozilla/5.0 (Macintosh; Intel Mac OS X 10_7_5) AppleWebKit/537.36 (KHTML, like Gecko) Chrome/28.0.1500.95 Safari/537.36','127.0.0.1','users','create_new','{\"utf8\"=>\"✓\", \"authenticity_token\"=>\"W5BNpbJ6PcFyWE/SE7XNafzhsdzRUlEG4brmpvleMLI=\", \"user\"=>{\"email\"=>\"test@test.com\", \"password\"=>\"qwerty123\", \"password_confirmation\"=>\"qwerty123\", \"first_name\"=>\"Test\", \"last_name\"=>\"Professor\", \"title\"=>\"Prof.\", \"university\"=>\"NUS\", \"department\"=>\"ECE\", \"role\"=>\"Professor\"}, \"commit\"=>\"Create\", \"controller\"=>\"users\", \"action\"=>\"create_new\"}','created new user: test@test.com','2013-08-13 09:09:20','2013-08-13 09:09:20'),(14,'10','Mozilla/5.0 (Macintosh; Intel Mac OS X 10_7_5) AppleWebKit/537.36 (KHTML, like Gecko) Chrome/28.0.1500.95 Safari/537.36','127.0.0.1','users','create_new','{\"utf8\"=>\"✓\", \"authenticity_token\"=>\"W5BNpbJ6PcFyWE/SE7XNafzhsdzRUlEG4brmpvleMLI=\", \"user\"=>{\"email\"=>\"manager@manager.com\", \"password\"=>\"qwerty123\", \"password_confirmation\"=>\"qwerty123\", \"first_name\"=>\"Test\", \"last_name\"=>\"Manager\", \"title\"=>\"Ms.\", \"university\"=>\"NUS\", \"department\"=>\"ECE\", \"role\"=>\"Manager\"}, \"commit\"=>\"Create\", \"controller\"=>\"users\", \"action\"=>\"create_new\"}','created new user: manager@manager.com','2013-08-13 09:10:02','2013-08-13 09:10:02'),(15,'14','Mozilla/5.0 (Macintosh; Intel Mac OS X 10_7_5) AppleWebKit/537.36 (KHTML, like Gecko) Chrome/28.0.1500.95 Safari/537.36','127.0.0.1','users','update','{\"utf8\"=>\"✓\", \"_method\"=>\"put\", \"authenticity_token\"=>\"QcttfSXif7Ljd/vgF5Arn/EslCtoLr4/2byHaPPdtxI=\", \"user\"=>{\"email\"=>\"professor@professor.com\", \"first_name\"=>\"Test\", \"last_name\"=>\"Professor\", \"title\"=>\"Prof.\", \"university\"=>\"NUS\", \"department\"=>\"ECE\", \"role\"=>\"Professor\"}, \"commit\"=>\"Update\", \"controller\"=>\"users\", \"action\"=>\"update\", \"id\"=>\"13\"}','updated user details: 13','2013-08-13 09:11:40','2013-08-13 09:11:40'),(16,'10','Mozilla/5.0 (Macintosh; Intel Mac OS X 10_7_5) AppleWebKit/537.36 (KHTML, like Gecko) Chrome/28.0.1500.95 Safari/537.36','127.0.0.1','users','destroy','{\"_method\"=>\"delete\", \"authenticity_token\"=>\"D81QcChRskhfG98Cn86dHFEKzaNqR/rsFcdf+v4yMFQ=\", \"controller\"=>\"users\", \"action\"=>\"destroy\", \"id\"=>\"14\"}','deleted user: manager@manager.com','2013-08-16 08:00:28','2013-08-16 08:00:28'),(17,'10','Mozilla/5.0 (Macintosh; Intel Mac OS X 10_7_5) AppleWebKit/537.36 (KHTML, like Gecko) Chrome/28.0.1500.95 Safari/537.36','127.0.0.1','users','batch_create','{\"utf8\"=>\"✓\", \"authenticity_token\"=>\"Pp0kC7VMzEZTmJxb/BfdKyRtyVGxTTGjRVsKSu5yOI4=\", \"role\"=>\"Student\", \"email_list\"=>\"aaa@aaa.com\\r\\nbbb@bbb.com\", \"commit\"=>\"Import\", \"controller\"=>\"users\", \"action\"=>\"batch_create\"}','created new user (batch): aaa@aaa.com','2013-08-18 09:49:03','2013-08-18 09:49:03'),(18,'10','Mozilla/5.0 (Macintosh; Intel Mac OS X 10_7_5) AppleWebKit/537.36 (KHTML, like Gecko) Chrome/28.0.1500.95 Safari/537.36','127.0.0.1','users','batch_create','{\"utf8\"=>\"✓\", \"authenticity_token\"=>\"Pp0kC7VMzEZTmJxb/BfdKyRtyVGxTTGjRVsKSu5yOI4=\", \"role\"=>\"Student\", \"email_list\"=>\"aaa@aaa.com\\r\\nbbb@bbb.com\", \"commit\"=>\"Import\", \"controller\"=>\"users\", \"action\"=>\"batch_create\"}','created new user (batch): bbb@bbb.com','2013-08-18 09:49:03','2013-08-18 09:49:03'),(19,'10','Mozilla/5.0 (Macintosh; Intel Mac OS X 10_7_5) AppleWebKit/537.36 (KHTML, like Gecko) Chrome/28.0.1500.95 Safari/537.36','127.0.0.1','users','batch_create','{\"utf8\"=>\"✓\", \"authenticity_token\"=>\"Pp0kC7VMzEZTmJxb/BfdKyRtyVGxTTGjRVsKSu5yOI4=\", \"role\"=>\"Student\", \"email_list\"=>\"aaa@aaa.com\\r\\nbbb@bbb.com\", \"commit\"=>\"Import\", \"controller\"=>\"users\", \"action\"=>\"batch_create\"}','Failed - created new user (batch): aaa@aaa.com','2013-08-18 09:49:38','2013-08-18 09:49:38'),(20,'10','Mozilla/5.0 (Macintosh; Intel Mac OS X 10_7_5) AppleWebKit/537.36 (KHTML, like Gecko) Chrome/28.0.1500.95 Safari/537.36','127.0.0.1','users','batch_create','{\"utf8\"=>\"✓\", \"authenticity_token\"=>\"Pp0kC7VMzEZTmJxb/BfdKyRtyVGxTTGjRVsKSu5yOI4=\", \"role\"=>\"Student\", \"email_list\"=>\"aaa@aaa.com\\r\\nbbb@bbb.com\", \"commit\"=>\"Import\", \"controller\"=>\"users\", \"action\"=>\"batch_create\"}','Failed - created new user (batch): aaa@aaa.com','2013-08-18 09:50:19','2013-08-18 09:50:19'),(21,'10','Mozilla/5.0 (Macintosh; Intel Mac OS X 10_7_5) AppleWebKit/537.36 (KHTML, like Gecko) Chrome/28.0.1500.95 Safari/537.36','127.0.0.1','users','batch_create','{\"utf8\"=>\"✓\", \"authenticity_token\"=>\"Pp0kC7VMzEZTmJxb/BfdKyRtyVGxTTGjRVsKSu5yOI4=\", \"role\"=>\"Student\", \"email_list\"=>\"aaa@aaa.com\\r\\nbbb@bbb.com\", \"commit\"=>\"Import\", \"controller\"=>\"users\", \"action\"=>\"batch_create\"}','Failed - created new user (batch): aaa@aaa.com','2013-08-18 09:50:27','2013-08-18 09:50:27'),(22,'10','Mozilla/5.0 (Macintosh; Intel Mac OS X 10_7_5) AppleWebKit/537.36 (KHTML, like Gecko) Chrome/28.0.1500.95 Safari/537.36','127.0.0.1','users','batch_create','{\"utf8\"=>\"✓\", \"authenticity_token\"=>\"Pp0kC7VMzEZTmJxb/BfdKyRtyVGxTTGjRVsKSu5yOI4=\", \"role\"=>\"Student\", \"email_list\"=>\"aaa@aaa.com\\r\\nbbb@bbb.com\", \"commit\"=>\"Import\", \"controller\"=>\"users\", \"action\"=>\"batch_create\"}','Failed - created new user (batch): bbb@bbb.com','2013-08-18 09:50:27','2013-08-18 09:50:27'),(23,'10','Mozilla/5.0 (Macintosh; Intel Mac OS X 10_7_5) AppleWebKit/537.36 (KHTML, like Gecko) Chrome/28.0.1500.95 Safari/537.36','127.0.0.1','users','destroy','{\"_method\"=>\"delete\", \"authenticity_token\"=>\"Pp0kC7VMzEZTmJxb/BfdKyRtyVGxTTGjRVsKSu5yOI4=\", \"controller\"=>\"users\", \"action\"=>\"destroy\", \"id\"=>\"15\"}','deleted user: bbb@bbb.com','2013-08-18 09:57:00','2013-08-18 09:57:00'),(24,'10','Mozilla/5.0 (Macintosh; Intel Mac OS X 10_7_5) AppleWebKit/537.36 (KHTML, like Gecko) Chrome/28.0.1500.95 Safari/537.36','127.0.0.1','users','destroy','{\"_method\"=>\"delete\", \"authenticity_token\"=>\"Pp0kC7VMzEZTmJxb/BfdKyRtyVGxTTGjRVsKSu5yOI4=\", \"controller\"=>\"users\", \"action\"=>\"destroy\", \"id\"=>\"14\"}','deleted user: aaa@aaa.com','2013-08-18 09:57:04','2013-08-18 09:57:04'),(25,'10','Mozilla/5.0 (Macintosh; Intel Mac OS X 10_7_5) AppleWebKit/537.36 (KHTML, like Gecko) Chrome/28.0.1500.95 Safari/537.36','127.0.0.1','users','batch_create','{\"utf8\"=>\"✓\", \"authenticity_token\"=>\"Pp0kC7VMzEZTmJxb/BfdKyRtyVGxTTGjRVsKSu5yOI4=\", \"role\"=>\"Student\", \"email_list\"=>\"a@a.com\\r\\nb@b.com\", \"commit\"=>\"Import\", \"controller\"=>\"users\", \"action\"=>\"batch_create\"}','created new user (batch): a@a.com','2013-08-18 10:05:42','2013-08-18 10:05:42'),(26,'10','Mozilla/5.0 (Macintosh; Intel Mac OS X 10_7_5) AppleWebKit/537.36 (KHTML, like Gecko) Chrome/28.0.1500.95 Safari/537.36','127.0.0.1','users','batch_create','{\"utf8\"=>\"✓\", \"authenticity_token\"=>\"Pp0kC7VMzEZTmJxb/BfdKyRtyVGxTTGjRVsKSu5yOI4=\", \"role\"=>\"Student\", \"email_list\"=>\"a@a.com\\r\\nb@b.com\", \"commit\"=>\"Import\", \"controller\"=>\"users\", \"action\"=>\"batch_create\"}','Failed - created new user (batch): a@a.com','2013-08-18 10:13:33','2013-08-18 10:13:33'),(27,'10','Mozilla/5.0 (Macintosh; Intel Mac OS X 10_7_5) AppleWebKit/537.36 (KHTML, like Gecko) Chrome/28.0.1500.95 Safari/537.36','127.0.0.1','users','batch_create','{\"utf8\"=>\"✓\", \"authenticity_token\"=>\"Pp0kC7VMzEZTmJxb/BfdKyRtyVGxTTGjRVsKSu5yOI4=\", \"role\"=>\"Student\", \"email_list\"=>\"a@a.com\\r\\nb@b.com\", \"commit\"=>\"Import\", \"controller\"=>\"users\", \"action\"=>\"batch_create\"}','created new user (batch): b@b.com','2013-08-18 10:13:33','2013-08-18 10:13:33'),(28,'10','Mozilla/5.0 (Macintosh; Intel Mac OS X 10_7_5) AppleWebKit/537.36 (KHTML, like Gecko) Chrome/28.0.1500.95 Safari/537.36','127.0.0.1','users','destroy','{\"_method\"=>\"delete\", \"authenticity_token\"=>\"Pp0kC7VMzEZTmJxb/BfdKyRtyVGxTTGjRVsKSu5yOI4=\", \"controller\"=>\"users\", \"action\"=>\"destroy\", \"id\"=>\"16\"}','deleted user: a@a.com','2013-08-18 10:20:47','2013-08-18 10:20:47'),(29,'10','Mozilla/5.0 (Macintosh; Intel Mac OS X 10_7_5) AppleWebKit/537.36 (KHTML, like Gecko) Chrome/28.0.1500.95 Safari/537.36','127.0.0.1','users','destroy','{\"_method\"=>\"delete\", \"authenticity_token\"=>\"Pp0kC7VMzEZTmJxb/BfdKyRtyVGxTTGjRVsKSu5yOI4=\", \"controller\"=>\"users\", \"action\"=>\"destroy\", \"id\"=>\"17\"}','deleted user: b@b.com','2013-08-18 10:20:50','2013-08-18 10:20:50'),(30,'10','Mozilla/5.0 (Macintosh; Intel Mac OS X 10_7_5) AppleWebKit/537.36 (KHTML, like Gecko) Chrome/28.0.1500.95 Safari/537.36','127.0.0.1','users','batch_create','{\"utf8\"=>\"✓\", \"authenticity_token\"=>\"Pp0kC7VMzEZTmJxb/BfdKyRtyVGxTTGjRVsKSu5yOI4=\", \"role\"=>\"Student\", \"email_list\"=>\"a@a.com\", \"commit\"=>\"Import\", \"controller\"=>\"users\", \"action\"=>\"batch_create\"}','created new user (batch): a@a.com','2013-08-18 10:20:58','2013-08-18 10:20:58'),(31,'10','Mozilla/5.0 (Macintosh; Intel Mac OS X 10_7_5) AppleWebKit/537.36 (KHTML, like Gecko) Chrome/28.0.1500.95 Safari/537.36','127.0.0.1','users','batch_create','{\"utf8\"=>\"✓\", \"authenticity_token\"=>\"T0++a0fuNlntD6rPxruPkoM7YXZYdJi340HGfjl2zDc=\", \"role\"=>\"Student\", \"email_list\"=>\"a@a.com\\r\\nb@b.com\", \"commit\"=>\"Import\", \"controller\"=>\"users\", \"action\"=>\"batch_create\"}','Failed - created new user (batch): a@a.com','2013-08-19 14:17:44','2013-08-19 14:17:44'),(32,'10','Mozilla/5.0 (Macintosh; Intel Mac OS X 10_7_5) AppleWebKit/537.36 (KHTML, like Gecko) Chrome/28.0.1500.95 Safari/537.36','127.0.0.1','users','batch_create','{\"utf8\"=>\"✓\", \"authenticity_token\"=>\"T0++a0fuNlntD6rPxruPkoM7YXZYdJi340HGfjl2zDc=\", \"role\"=>\"Student\", \"email_list\"=>\"a@a.com\\r\\nb@b.com\", \"commit\"=>\"Import\", \"controller\"=>\"users\", \"action\"=>\"batch_create\"}','created new user (batch): b@b.com','2013-08-19 14:17:44','2013-08-19 14:17:44'),(33,'10','Mozilla/5.0 (Macintosh; Intel Mac OS X 10_7_5) AppleWebKit/537.36 (KHTML, like Gecko) Chrome/28.0.1500.95 Safari/537.36','127.0.0.1','users','destroy','{\"_method\"=>\"delete\", \"authenticity_token\"=>\"T0++a0fuNlntD6rPxruPkoM7YXZYdJi340HGfjl2zDc=\", \"controller\"=>\"users\", \"action\"=>\"destroy\", \"id\"=>\"19\"}','deleted user: b@b.com','2013-08-19 14:23:46','2013-08-19 14:23:46'),(34,'10','Mozilla/5.0 (Macintosh; Intel Mac OS X 10_7_5) AppleWebKit/537.36 (KHTML, like Gecko) Chrome/28.0.1500.95 Safari/537.36','127.0.0.1','users','destroy','{\"_method\"=>\"delete\", \"authenticity_token\"=>\"T0++a0fuNlntD6rPxruPkoM7YXZYdJi340HGfjl2zDc=\", \"controller\"=>\"users\", \"action\"=>\"destroy\", \"id\"=>\"18\"}','deleted user: a@a.com','2013-08-19 14:23:49','2013-08-19 14:23:49'),(35,'10','Mozilla/5.0 (Macintosh; Intel Mac OS X 10_7_5) AppleWebKit/537.36 (KHTML, like Gecko) Chrome/28.0.1500.95 Safari/537.36','127.0.0.1','users','batch_create','{\"utf8\"=>\"✓\", \"authenticity_token\"=>\"T0++a0fuNlntD6rPxruPkoM7YXZYdJi340HGfjl2zDc=\", \"role\"=>\"Student\", \"email_list\"=>\"a@a.com\\r\\nb@b.com\", \"commit\"=>\"Import\", \"controller\"=>\"users\", \"action\"=>\"batch_create\"}','created new user (batch): a@a.com','2013-08-19 14:24:00','2013-08-19 14:24:00'),(36,'10','Mozilla/5.0 (Macintosh; Intel Mac OS X 10_7_5) AppleWebKit/537.36 (KHTML, like Gecko) Chrome/28.0.1500.95 Safari/537.36','127.0.0.1','users','batch_create','{\"utf8\"=>\"✓\", \"authenticity_token\"=>\"T0++a0fuNlntD6rPxruPkoM7YXZYdJi340HGfjl2zDc=\", \"role\"=>\"Student\", \"email_list\"=>\"a@a.com\\r\\nb@b.com\", \"commit\"=>\"Import\", \"controller\"=>\"users\", \"action\"=>\"batch_create\"}','created new user (batch): b@b.com','2013-08-19 14:24:01','2013-08-19 14:24:01'),(37,'10','Mozilla/5.0 (Macintosh; Intel Mac OS X 10_7_5) AppleWebKit/537.36 (KHTML, like Gecko) Chrome/28.0.1500.95 Safari/537.36','127.0.0.1','users','create_new','{\"utf8\"=>\"✓\", \"authenticity_token\"=>\"T0++a0fuNlntD6rPxruPkoM7YXZYdJi340HGfjl2zDc=\", \"user\"=>{\"email\"=>\"c@c.com\", \"password\"=>\"qwerty123\", \"password_confirmation\"=>\"qwerty123\", \"first_name\"=>\"\", \"last_name\"=>\"\", \"title\"=>\"\", \"university\"=>\"\", \"department\"=>\"\", \"role\"=>\"Manager\"}, \"commit\"=>\"Create\", \"controller\"=>\"users\", \"action\"=>\"create_new\"}','created new user: c@c.com','2013-08-19 14:28:38','2013-08-19 14:28:38'),(38,'10','Mozilla/5.0 (Macintosh; Intel Mac OS X 10_7_5) AppleWebKit/537.36 (KHTML, like Gecko) Chrome/28.0.1500.95 Safari/537.36','127.0.0.1','users','create_new','{\"utf8\"=>\"✓\", \"authenticity_token\"=>\"Zgpicfqv3mTtq4jhdo5qe9DWxDkV7FjccS9U/ZkODx0=\", \"user\"=>{\"email\"=>\"admin@admin.com\", \"password\"=>\"qwerty123\", \"password_confirmation\"=>\"qwerty123\", \"first_name\"=>\"\", \"last_name\"=>\"\", \"title\"=>\"\", \"university\"=>\"\", \"department\"=>\"\", \"role\"=>\"Admin\"}, \"commit\"=>\"Create\", \"controller\"=>\"users\", \"action\"=>\"create_new\"}','created new user: admin@admin.com','2013-08-20 07:19:25','2013-08-20 07:19:25'),(39,'10','Mozilla/5.0 (Macintosh; Intel Mac OS X 10_7_5) AppleWebKit/537.36 (KHTML, like Gecko) Chrome/28.0.1500.95 Safari/537.36','127.0.0.1','users','update','{\"utf8\"=>\"✓\", \"_method\"=>\"put\", \"authenticity_token\"=>\"Zgpicfqv3mTtq4jhdo5qe9DWxDkV7FjccS9U/ZkODx0=\", \"user\"=>{\"email\"=>\"admin@admin.com\", \"first_name\"=>\"\", \"last_name\"=>\"\", \"title\"=>\"\", \"university\"=>\"\", \"department\"=>\"\", \"role\"=>\"Manager\"}, \"commit\"=>\"Update\", \"controller\"=>\"users\", \"action\"=>\"update\", \"id\"=>\"23\"}','updated user details: 23','2013-08-20 07:21:51','2013-08-20 07:21:51'),(40,'23','Mozilla/5.0 (Macintosh; Intel Mac OS X 10_7_5) AppleWebKit/537.36 (KHTML, like Gecko) Chrome/28.0.1500.95 Safari/537.36','127.0.0.1','users','update','{\"utf8\"=>\"✓\", \"_method\"=>\"put\", \"authenticity_token\"=>\"26u1O+RcT7zG6d2VzDVpkFZ8TBR5Sm3SRT7MQyLzKfY=\", \"user\"=>{\"email\"=>\"a@a.com\", \"first_name\"=>\"a\", \"last_name\"=>\"a\", \"title\"=>\"\", \"university\"=>\"\", \"department\"=>\"\", \"role\"=>\"Student\"}, \"commit\"=>\"Update\", \"controller\"=>\"users\", \"action\"=>\"update\", \"id\"=>\"20\"}','updated user details: 20','2013-08-20 07:23:25','2013-08-20 07:23:25'),(41,'23','Mozilla/5.0 (Macintosh; Intel Mac OS X 10_7_5) AppleWebKit/537.36 (KHTML, like Gecko) Chrome/28.0.1500.95 Safari/537.36','127.0.0.1','users','create_new','{\"utf8\"=>\"✓\", \"authenticity_token\"=>\"26u1O+RcT7zG6d2VzDVpkFZ8TBR5Sm3SRT7MQyLzKfY=\", \"user\"=>{\"email\"=>\"e@e.com\", \"password\"=>\"qwerty123\", \"password_confirmation\"=>\"qwerty123\", \"first_name\"=>\"\", \"last_name\"=>\"\", \"title\"=>\"\", \"university\"=>\"\", \"department\"=>\"\", \"role\"=>\"Student\"}, \"commit\"=>\"Create\", \"controller\"=>\"users\", \"action\"=>\"create_new\"}','created new user: e@e.com','2013-08-20 07:29:44','2013-08-20 07:29:44'),(42,'23','Mozilla/5.0 (Macintosh; Intel Mac OS X 10_7_5) AppleWebKit/537.36 (KHTML, like Gecko) Chrome/28.0.1500.95 Safari/537.36','127.0.0.1','users','batch_create','{\"utf8\"=>\"✓\", \"authenticity_token\"=>\"26u1O+RcT7zG6d2VzDVpkFZ8TBR5Sm3SRT7MQyLzKfY=\", \"role\"=>\"Student\", \"email_list\"=>\"f@f.com\", \"commit\"=>\"Import\", \"controller\"=>\"users\", \"action\"=>\"batch_create\"}','created new user (batch): f@f.com','2013-08-20 07:31:18','2013-08-20 07:31:18'),(43,'10','Mozilla/5.0 (Macintosh; Intel Mac OS X 10_7_5) AppleWebKit/537.36 (KHTML, like Gecko) Chrome/28.0.1500.95 Safari/537.36','127.0.0.1','projects','upload','{\"utf8\"=>\"✓\", \"authenticity_token\"=>\"qgp2cro06iIlXLko+qS6lDyD3jCd17hTj7P/vRm+sYA=\", \"file\"=>#<ActionDispatch::Http::UploadedFile:0x007fbb6160ea18 @original_filename=\"fm.pdf\", @content_type=\"application/pdf\", @headers=\"Content-Disposition: form-data; name=\\\"file\\\"; filename=\\\"fm.pdf\\\"\\r\\nContent-Type: application/pdf\\r\\n\", @tempfile=#<File:/var/folders/9l/m7c28_t93d36ht9nll4kl0tr0000gn/T/RackMultipart20130820-1158-hnjtoq>>, \"user_id\"=>\"10\", \"project_id\"=>\"4\", \"commit\"=>\"Upload\", \"controller\"=>\"projects\", \"action\"=>\"upload\", \"id\"=>\"4\"}','uploaded fm.pdf','2013-08-20 13:43:44','2013-08-20 13:43:44'),(44,'10','Mozilla/5.0 (Macintosh; Intel Mac OS X 10_7_5) AppleWebKit/537.36 (KHTML, like Gecko) Chrome/28.0.1500.95 Safari/537.36','127.0.0.1','project_files','destroy','{\"_method\"=>\"delete\", \"authenticity_token\"=>\"qgp2cro06iIlXLko+qS6lDyD3jCd17hTj7P/vRm+sYA=\", \"controller\"=>\"project_files\", \"action\"=>\"destroy\", \"id\"=>\"12\"}','deleted file fm.pdf in project id 4','2013-08-20 13:44:27','2013-08-20 13:44:27'),(45,'10','Mozilla/5.0 (Macintosh; Intel Mac OS X 10_7_5) AppleWebKit/537.36 (KHTML, like Gecko) Chrome/28.0.1500.95 Safari/537.36','127.0.0.1','projects','upload','{\"utf8\"=>\"✓\", \"authenticity_token\"=>\"qgp2cro06iIlXLko+qS6lDyD3jCd17hTj7P/vRm+sYA=\", \"file\"=>#<ActionDispatch::Http::UploadedFile:0x007fbb615928c8 @original_filename=\"fm.pdf\", @content_type=\"application/pdf\", @headers=\"Content-Disposition: form-data; name=\\\"file\\\"; filename=\\\"fm.pdf\\\"\\r\\nContent-Type: application/pdf\\r\\n\", @tempfile=#<File:/var/folders/9l/m7c28_t93d36ht9nll4kl0tr0000gn/T/RackMultipart20130820-1158-wzs7ge>>, \"user_id\"=>\"10\", \"project_id\"=>\"4\", \"commit\"=>\"Upload\", \"controller\"=>\"projects\", \"action\"=>\"upload\", \"id\"=>\"4\"}','uploaded fm.pdf','2013-08-20 13:44:36','2013-08-20 13:44:36'),(46,'10','Mozilla/5.0 (Macintosh; Intel Mac OS X 10_7_5) AppleWebKit/537.36 (KHTML, like Gecko) Chrome/28.0.1500.95 Safari/537.36','127.0.0.1','project_files','destroy','{\"_method\"=>\"delete\", \"authenticity_token\"=>\"qgp2cro06iIlXLko+qS6lDyD3jCd17hTj7P/vRm+sYA=\", \"controller\"=>\"project_files\", \"action\"=>\"destroy\", \"id\"=>\"13\"}','deleted file fm.pdf in project id 4','2013-08-20 13:44:45','2013-08-20 13:44:45'),(47,'10','Mozilla/5.0 (Macintosh; Intel Mac OS X 10_7_5) AppleWebKit/537.36 (KHTML, like Gecko) Chrome/28.0.1500.95 Safari/537.36','127.0.0.1','projects','create','{\"utf8\"=>\"✓\", \"authenticity_token\"=>\"qgp2cro06iIlXLko+qS6lDyD3jCd17hTj7P/vRm+sYA=\", \"project\"=>{\"title\"=>\"My third project \", \"abstract\"=>\"hello World\"}, \"commit\"=>\"Create Project\", \"action\"=>\"create\", \"controller\"=>\"projects\", \"user_id\"=>\"10\"}','created new project: 8','2013-08-20 13:45:11','2013-08-20 13:45:11'),(48,'10','Mozilla/5.0 (Macintosh; Intel Mac OS X 10_7_5) AppleWebKit/537.36 (KHTML, like Gecko) Chrome/28.0.1500.95 Safari/537.36','127.0.0.1','projects','upload','{\"utf8\"=>\"✓\", \"authenticity_token\"=>\"qgp2cro06iIlXLko+qS6lDyD3jCd17hTj7P/vRm+sYA=\", \"file\"=>#<ActionDispatch::Http::UploadedFile:0x007fe215a3cdd0 @original_filename=\"sizesize.html\", @content_type=\"text/html\", @headers=\"Content-Disposition: form-data; name=\\\"file\\\"; filename=\\\"sizesize.html\\\"\\r\\nContent-Type: text/html\\r\\n\", @tempfile=#<File:/var/folders/9l/m7c28_t93d36ht9nll4kl0tr0000gn/T/RackMultipart20130824-10540-uaxb0d>>, \"user_id\"=>\"10\", \"project_id\"=>\"4\", \"commit\"=>\"Upload\", \"controller\"=>\"projects\", \"action\"=>\"upload\", \"id\"=>\"4\"}','uploaded sizesize.html','2013-08-24 15:37:52','2013-08-24 15:37:52'),(49,'10','Mozilla/5.0 (Macintosh; Intel Mac OS X 10_7_5) AppleWebKit/537.36 (KHTML, like Gecko) Chrome/28.0.1500.95 Safari/537.36','127.0.0.1','project_files','destroy','{\"_method\"=>\"delete\", \"authenticity_token\"=>\"qgp2cro06iIlXLko+qS6lDyD3jCd17hTj7P/vRm+sYA=\", \"controller\"=>\"project_files\", \"action\"=>\"destroy\", \"id\"=>\"14\"}','deleted file sizesize.html in project id 4','2013-08-24 15:39:20','2013-08-24 15:39:20'),(50,'10','Mozilla/5.0 (Macintosh; Intel Mac OS X 10_7_5) AppleWebKit/537.36 (KHTML, like Gecko) Chrome/28.0.1500.95 Safari/537.36','127.0.0.1','projects','update','{\"utf8\"=>\"✓\", \"_method\"=>\"put\", \"authenticity_token\"=>\"qgp2cro06iIlXLko+qS6lDyD3jCd17hTj7P/vRm+sYA=\", \"project\"=>{\"title\"=>\"My First Project\", \"abstract\"=>\"This is my FYP haha\"}, \"commit\"=>\"Update Project\", \"action\"=>\"update\", \"controller\"=>\"projects\", \"id\"=>\"4\"}','updated project details: 4','2013-08-24 17:29:34','2013-08-24 17:29:34'),(51,'10','Mozilla/5.0 (Macintosh; Intel Mac OS X 10_7_5) AppleWebKit/537.36 (KHTML, like Gecko) Chrome/28.0.1500.95 Safari/537.36','127.0.0.1','projects','update','{\"utf8\"=>\"✓\", \"_method\"=>\"put\", \"authenticity_token\"=>\"qgp2cro06iIlXLko+qS6lDyD3jCd17hTj7P/vRm+sYA=\", \"project\"=>{\"title\"=>\"My First Project\", \"abstract\"=>\"This is my FYP\"}, \"commit\"=>\"Update Project\", \"action\"=>\"update\", \"controller\"=>\"projects\", \"id\"=>\"4\"}','updated project details: 4','2013-08-24 17:30:00','2013-08-24 17:30:00'),(52,'10','Mozilla/5.0 (Macintosh; Intel Mac OS X 10_7_5) AppleWebKit/537.36 (KHTML, like Gecko) Chrome/28.0.1500.95 Safari/537.36','127.0.0.1','projects','update','{\"utf8\"=>\"✓\", \"_method\"=>\"put\", \"authenticity_token\"=>\"qgp2cro06iIlXLko+qS6lDyD3jCd17hTj7P/vRm+sYA=\", \"project\"=>{\"title\"=>\"Thesis Management System\", \"abstract\"=>\"For most university Ph.D candidates, the dissertation is very important to complete their Ph.D program and become a doctor. The process of writing a thesis involves many iterations of taking feedbacks from different professors and making revisions until the thesis is ready to submit for university department. During this process, the student needs to submit a hardcopy of his/her thesis to the professors at their office then the professors will review and give feedback to the student.\\r\\nOnline Thesis Management System provides a platform for the professors and students to manage the thesis writing process. In the scope of this project, the system focuses on making the reviewing process more convenient. By having the students uploaded their thesis to the system, the Professors can easily see and give feedbacks online using convenient editing tools. The system also provides the information on formatting, copyright, references and other requirements by the university department and performs automated checks on these requirements. After the review is done, the system will automatically notify the student so that they can retrieve the feedback from the professor make correction.\\r\\nOnline Thesis Management System will make the review process much easier for both the professors and the students and help saving a lot of time comparing to the old paperwork process\"}, \"commit\"=>\"Update Project\", \"action\"=>\"update\", \"controller\"=>\"projects\", \"id\"=>\"4\"}','updated project details: 4','2013-08-25 10:39:37','2013-08-25 10:39:37'),(53,'10','Mozilla/5.0 (Macintosh; Intel Mac OS X 10_7_5) AppleWebKit/537.36 (KHTML, like Gecko) Chrome/28.0.1500.95 Safari/537.36','127.0.0.1','projects','update','{\"utf8\"=>\"✓\", \"_method\"=>\"put\", \"authenticity_token\"=>\"qgp2cro06iIlXLko+qS6lDyD3jCd17hTj7P/vRm+sYA=\", \"project\"=>{\"title\"=>\"Thesis Management System\", \"abstract\"=>\"For most university Ph.D candidates, the dissertation is very important to complete their Ph.D program and become a doctor. The process of writing a thesis involves many iterations of taking feedbacks from different professors and making revisions until the thesis is ready to submit for university department. During this process, the student needs to submit a hardcopy of his/her thesis to the professors at their office then the professors will review and give feedback to the student.\\r\\n\\r\\nOnline Thesis Management System provides a platform for the professors and students to manage the thesis writing process. In the scope of this project, the system focuses on making the reviewing process more convenient. By having the students uploaded their thesis to the system, the Professors can easily see and give feedbacks online using convenient editing tools. The system also provides the information on formatting, copyright, references and other requirements by the university department and performs automated checks on these requirements. After the review is done, the system will automatically notify the student so that they can retrieve the feedback from the professor make correction.\\r\\n\\r\\nOnline Thesis Management System will make the review process much easier for both the professors and the students and help saving a lot of time comparing to the old paperwork process\"}, \"commit\"=>\"Update Project\", \"action\"=>\"update\", \"controller\"=>\"projects\", \"id\"=>\"4\"}','updated project details: 4','2013-08-25 10:47:39','2013-08-25 10:47:39'),(54,'12','Mozilla/5.0 (Macintosh; Intel Mac OS X 10_7_5) AppleWebKit/537.36 (KHTML, like Gecko) Chrome/28.0.1500.95 Safari/537.36','127.0.0.1','projects','upload','{\"utf8\"=>\"✓\", \"authenticity_token\"=>\"EwpIyhMjwXNVa45tbmAyFom81w5Rqb7LwkHyS1thSiA=\", \"file\"=>#<ActionDispatch::Http::UploadedFile:0x007fe214890320 @original_filename=\"FYP CA - U099095A.pdf\", @content_type=\"application/pdf\", @headers=\"Content-Disposition: form-data; name=\\\"file\\\"; filename=\\\"FYP CA - U099095A.pdf\\\"\\r\\nContent-Type: application/pdf\\r\\n\", @tempfile=#<File:/var/folders/9l/m7c28_t93d36ht9nll4kl0tr0000gn/T/RackMultipart20130825-10540-1cm7mk1>>, \"user_id\"=>\"12\", \"project_id\"=>\"7\", \"commit\"=>\"Upload\", \"controller\"=>\"projects\", \"action\"=>\"upload\", \"id\"=>\"7\"}','uploaded FYP CA - U099095A.pdf','2013-08-25 14:45:08','2013-08-25 14:45:08'),(55,'12','Mozilla/5.0 (Macintosh; Intel Mac OS X 10_7_5) AppleWebKit/537.36 (KHTML, like Gecko) Chrome/28.0.1500.95 Safari/537.36','127.0.0.1','projects','update','{\"utf8\"=>\"✓\", \"_method\"=>\"put\", \"authenticity_token\"=>\"EwpIyhMjwXNVa45tbmAyFom81w5Rqb7LwkHyS1thSiA=\", \"project\"=>{\"title\"=>\"Thesis Management System\", \"abstract\"=>\"For most university Ph.D candidates, the dissertation is very important to complete their Ph.D program and become a doctor. The process of writing a thesis involves many iterations of taking feedbacks from different professors and making revisions until the thesis is ready to submit for university department. During this process, the student needs to submit a hardcopy of his/her thesis to the professors at their office then the professors will review and give feedback to the student.\\r\\n\\r\\nOnline Thesis Management System provides a platform for the professors and students to manage the thesis writing process. In the scope of this project, the system focuses on making the reviewing process more convenient. By having the students uploaded their thesis to the system, the Professors can easily see and give feedbacks online using convenient editing tools. The system also provides the information on formatting, copyright, references and other requirements by the university department and performs automated checks on these requirements. After the review is done, the system will automatically notify the student so that they can retrieve the feedback from the professor make correction.\\r\\n\\r\\nOnline Thesis Management System will make the review process much easier for both the professors and the students and help saving a lot of time comparing to the old paperwork process\"}, \"commit\"=>\"Update Project\", \"action\"=>\"update\", \"controller\"=>\"projects\", \"id\"=>\"7\"}','updated project details: 7','2013-08-25 14:45:59','2013-08-25 14:45:59');
/*!40000 ALTER TABLE `activity_logs` ENABLE KEYS */;
UNLOCK TABLES;

--
-- Table structure for table `project_files`
--

DROP TABLE IF EXISTS `project_files`;
/*!40101 SET @saved_cs_client     = @@character_set_client */;
/*!40101 SET character_set_client = utf8 */;
CREATE TABLE `project_files` (
  `id` int(11) NOT NULL AUTO_INCREMENT,
  `file_name` varchar(255) COLLATE utf8_unicode_ci DEFAULT NULL,
  `user_id` int(11) DEFAULT NULL,
  `project_id` int(11) DEFAULT NULL,
  `created_at` datetime NOT NULL,
  `updated_at` datetime NOT NULL,
  `file_path` varchar(255) COLLATE utf8_unicode_ci DEFAULT NULL,
  PRIMARY KEY (`id`),
  KEY `index_project_files_on_user_id` (`user_id`),
  KEY `index_project_files_on_project_id` (`project_id`)
) ENGINE=InnoDB AUTO_INCREMENT=16 DEFAULT CHARSET=utf8 COLLATE=utf8_unicode_ci;
/*!40101 SET character_set_client = @saved_cs_client */;

--
-- Dumping data for table `project_files`
--

LOCK TABLES `project_files` WRITE;
/*!40000 ALTER TABLE `project_files` DISABLE KEYS */;
INSERT INTO `project_files` VALUES (11,'FYP CA - U099095A.pdf',10,4,'2013-08-12 08:14:15','2013-08-12 08:14:15','/Users/gonewiththewind152/rails/tms/public/uploads/FYP CA - U099095A.pdf'),(15,'FYP CA - U099095A.pdf',12,7,'2013-08-25 14:45:08','2013-08-25 14:45:08','/Users/gonewiththewind152/rails/tms/public/uploads/FYP CA - U099095A.pdf');
/*!40000 ALTER TABLE `project_files` ENABLE KEYS */;
UNLOCK TABLES;

--
-- Table structure for table `project_references`
--

DROP TABLE IF EXISTS `project_references`;
/*!40101 SET @saved_cs_client     = @@character_set_client */;
/*!40101 SET character_set_client = utf8 */;
CREATE TABLE `project_references` (
  `id` int(11) NOT NULL AUTO_INCREMENT,
  `reference_source` varchar(255) COLLATE utf8_unicode_ci DEFAULT NULL,
  `reference_url` varchar(255) COLLATE utf8_unicode_ci DEFAULT NULL,
  `content` text COLLATE utf8_unicode_ci,
  `project_id` int(11) DEFAULT NULL,
  `created_at` datetime NOT NULL,
  `updated_at` datetime NOT NULL,
  PRIMARY KEY (`id`),
  KEY `index_project_references_on_project_id` (`project_id`)
) ENGINE=InnoDB AUTO_INCREMENT=44 DEFAULT CHARSET=utf8 COLLATE=utf8_unicode_ci;
/*!40101 SET character_set_client = @saved_cs_client */;

--
-- Dumping data for table `project_references`
--

LOCK TABLES `project_references` WRITE;
/*!40000 ALTER TABLE `project_references` DISABLE KEYS */;
INSERT INTO `project_references` VALUES (37,'NUS Science Bulletin, Ph.D degree requirement (2013)','http://www.nus.edu.sg/registrar/nusbulletin/Biz/GD/gradedu.html#4_1_1','Doctoral student is required to complete the dissertation in the final year of his/her Ph.D. program. The dissertation will be evaluated by internal and external examiners. Following this examination, there is an oral defence of the thesis before final submission. The Ph.D. is awarded when the student meets all the requirements of the program and passes the oral defence thesis examination',4,'2013-08-25 10:41:41','2013-08-25 10:42:42'),(38,'NUS – Thesis Submission and Examination (2013)','http://www.nus.edu.sg/registrar/event/gd-­‐thesisexam.html','Doctoral students are required to attend an oral examination after the theses have been examined.\r\nAfter all the examiners’ reports are received, if the student passes the examination, he/she will be awarded the degree.',4,'2013-08-25 10:44:00','2013-08-25 10:44:00'),(39,'Ideas Source, blankdot.com (2013)','http://ideasource.blankdots.com/2013/01/academic-­‐thesis-­‐management-­‐ system/','The purpose of Academic Thesis Management System is to manage Bachelor and Master and maybe even Ph.D. thesis inside a university, faculty and department.',4,'2013-08-25 10:44:46','2013-08-25 10:44:46'),(40,'jcechace, GitHub (2013)','https://github.com/jcechace/Thesis-­‐management-­‐system','Thesis Management System is a system to manage thesis. It provides very basic features that such a system should have such as creating a topic that a student can apply for, approve the thesis application, comment on the thesis or the application, grading',4,'2013-08-25 10:45:38','2013-08-25 10:45:38'),(41,'Alexander Willner (2013), Sophisticated LaTeX Review Template, GitHub','https://github.com/Thesis/Review','This project aims to provide a template for a Ph.D. student to review a paper or another thesis',4,'2013-08-25 10:46:23','2013-08-25 10:46:23'),(42,'Matthias Rupp (2008), Review Checklist','http://www.mrupp.info/Data/2008review_checklist.pdf','',4,'2013-08-25 10:46:49','2013-08-25 10:46:49'),(43,'NUS Business Bulletin, Ph.D degree requirement (2013)','http://www.nus.edu.sg/registrar/nusbulletin/Biz/GD/gradedu.html#4_1_1','Doctoral student is required to complete the dissertation in the final year of his/her Ph.D. program. The dissertation will be evaluated by internal and external examiners. Following this examination, there is an oral defence of the thesis before final submission. The Ph.D. is awarded when the student meets all the requirements of the program and passes the oral defence thesis examination',7,'2013-08-25 14:46:44','2013-08-25 14:46:44');
/*!40000 ALTER TABLE `project_references` ENABLE KEYS */;
UNLOCK TABLES;

--
-- Table structure for table `projects`
--

DROP TABLE IF EXISTS `projects`;
/*!40101 SET @saved_cs_client     = @@character_set_client */;
/*!40101 SET character_set_client = utf8 */;
CREATE TABLE `projects` (
  `id` int(11) NOT NULL AUTO_INCREMENT,
  `title` varchar(255) COLLATE utf8_unicode_ci DEFAULT NULL,
  `abstract` text COLLATE utf8_unicode_ci,
  `user_id` int(11) DEFAULT NULL,
  `created_at` datetime NOT NULL,
  `updated_at` datetime NOT NULL,
  PRIMARY KEY (`id`),
  KEY `index_projects_on_user_id` (`user_id`)
) ENGINE=InnoDB AUTO_INCREMENT=9 DEFAULT CHARSET=utf8 COLLATE=utf8_unicode_ci;
/*!40101 SET character_set_client = @saved_cs_client */;

--
-- Dumping data for table `projects`
--

LOCK TABLES `projects` WRITE;
/*!40000 ALTER TABLE `projects` DISABLE KEYS */;
INSERT INTO `projects` VALUES (4,'Thesis Management System','For most university Ph.D candidates, the dissertation is very important to complete their Ph.D program and become a doctor. The process of writing a thesis involves many iterations of taking feedbacks from different professors and making revisions until the thesis is ready to submit for university department. During this process, the student needs to submit a hardcopy of his/her thesis to the professors at their office then the professors will review and give feedback to the student.\r\n\r\nOnline Thesis Management System provides a platform for the professors and students to manage the thesis writing process. In the scope of this project, the system focuses on making the reviewing process more convenient. By having the students uploaded their thesis to the system, the Professors can easily see and give feedbacks online using convenient editing tools. The system also provides the information on formatting, copyright, references and other requirements by the university department and performs automated checks on these requirements. After the review is done, the system will automatically notify the student so that they can retrieve the feedback from the professor make correction.\r\n\r\nOnline Thesis Management System will make the review process much easier for both the professors and the students and help saving a lot of time comparing to the old paperwork process',NULL,'2013-08-11 07:39:23','2013-08-25 10:47:39'),(6,'My test project','This is only a test project',NULL,'2013-08-12 15:15:26','2013-08-12 15:15:26'),(7,'Thesis Management System','For most university Ph.D candidates, the dissertation is very important to complete their Ph.D program and become a doctor. The process of writing a thesis involves many iterations of taking feedbacks from different professors and making revisions until the thesis is ready to submit for university department. During this process, the student needs to submit a hardcopy of his/her thesis to the professors at their office then the professors will review and give feedback to the student.\r\n\r\nOnline Thesis Management System provides a platform for the professors and students to manage the thesis writing process. In the scope of this project, the system focuses on making the reviewing process more convenient. By having the students uploaded their thesis to the system, the Professors can easily see and give feedbacks online using convenient editing tools. The system also provides the information on formatting, copyright, references and other requirements by the university department and performs automated checks on these requirements. After the review is done, the system will automatically notify the student so that they can retrieve the feedback from the professor make correction.\r\n\r\nOnline Thesis Management System will make the review process much easier for both the professors and the students and help saving a lot of time comparing to the old paperwork process',NULL,'2013-08-13 09:04:53','2013-08-25 14:45:59'),(8,'My third project ','hello World',NULL,'2013-08-20 13:45:11','2013-08-20 13:45:11');
/*!40000 ALTER TABLE `projects` ENABLE KEYS */;
UNLOCK TABLES;

--
-- Table structure for table `projects_users`
--

DROP TABLE IF EXISTS `projects_users`;
/*!40101 SET @saved_cs_client     = @@character_set_client */;
/*!40101 SET character_set_client = utf8 */;
CREATE TABLE `projects_users` (
  `id` int(11) NOT NULL AUTO_INCREMENT,
  `project_id` int(11) DEFAULT NULL,
  `user_id` int(11) DEFAULT NULL,
  PRIMARY KEY (`id`)
) ENGINE=InnoDB AUTO_INCREMENT=6 DEFAULT CHARSET=utf8 COLLATE=utf8_unicode_ci;
/*!40101 SET character_set_client = @saved_cs_client */;

--
-- Dumping data for table `projects_users`
--

LOCK TABLES `projects_users` WRITE;
/*!40000 ALTER TABLE `projects_users` DISABLE KEYS */;
INSERT INTO `projects_users` VALUES (1,4,10),(2,5,10),(3,6,10),(4,7,12),(5,8,10);
/*!40000 ALTER TABLE `projects_users` ENABLE KEYS */;
UNLOCK TABLES;

--
-- Table structure for table `schema_migrations`
--

DROP TABLE IF EXISTS `schema_migrations`;
/*!40101 SET @saved_cs_client     = @@character_set_client */;
/*!40101 SET character_set_client = utf8 */;
CREATE TABLE `schema_migrations` (
  `version` varchar(255) COLLATE utf8_unicode_ci NOT NULL,
  UNIQUE KEY `unique_schema_migrations` (`version`)
) ENGINE=InnoDB DEFAULT CHARSET=utf8 COLLATE=utf8_unicode_ci;
/*!40101 SET character_set_client = @saved_cs_client */;

--
-- Dumping data for table `schema_migrations`
--

LOCK TABLES `schema_migrations` WRITE;
/*!40000 ALTER TABLE `schema_migrations` DISABLE KEYS */;
INSERT INTO `schema_migrations` VALUES ('20130809065539'),('20130810101859'),('20130810144707'),('20130811061422'),('20130811061701'),('20130811073009'),('20130811073634'),('20130811073801'),('20130811141853'),('20130811142628'),('20130811161608'),('20130811162638'),('20130811174450'),('20130812144816'),('20130812145023'),('20130812145329'),('20130812150427'),('20130813070903'),('20130813071247'),('20130813072302'),('20130813072934'),('20130813073815'),('20130813074038'),('20130813074150'),('20130813125936'),('20130820131335'),('20130820160535'),('20130820160728'),('20130824132315'),('20130824132622');
/*!40000 ALTER TABLE `schema_migrations` ENABLE KEYS */;
UNLOCK TABLES;

--
-- Table structure for table `users`
--

DROP TABLE IF EXISTS `users`;
/*!40101 SET @saved_cs_client     = @@character_set_client */;
/*!40101 SET character_set_client = utf8 */;
CREATE TABLE `users` (
  `id` int(11) NOT NULL AUTO_INCREMENT,
  `email` varchar(255) COLLATE utf8_unicode_ci NOT NULL DEFAULT '',
  `encrypted_password` varchar(255) COLLATE utf8_unicode_ci NOT NULL DEFAULT '',
  `reset_password_token` varchar(255) COLLATE utf8_unicode_ci DEFAULT NULL,
  `reset_password_sent_at` datetime DEFAULT NULL,
  `remember_created_at` datetime DEFAULT NULL,
  `sign_in_count` int(11) DEFAULT '0',
  `current_sign_in_at` datetime DEFAULT NULL,
  `last_sign_in_at` datetime DEFAULT NULL,
  `current_sign_in_ip` varchar(255) COLLATE utf8_unicode_ci DEFAULT NULL,
  `last_sign_in_ip` varchar(255) COLLATE utf8_unicode_ci DEFAULT NULL,
  `first_name` varchar(255) COLLATE utf8_unicode_ci DEFAULT NULL,
  `last_name` varchar(255) COLLATE utf8_unicode_ci DEFAULT NULL,
  `title` varchar(255) COLLATE utf8_unicode_ci DEFAULT NULL,
  `university` varchar(255) COLLATE utf8_unicode_ci DEFAULT NULL,
  `university_id` int(11) DEFAULT NULL,
  `department` varchar(255) COLLATE utf8_unicode_ci DEFAULT NULL,
  `created_at` datetime NOT NULL,
  `updated_at` datetime NOT NULL,
  `role` varchar(255) COLLATE utf8_unicode_ci DEFAULT NULL,
  PRIMARY KEY (`id`),
  UNIQUE KEY `index_users_on_email` (`email`),
  UNIQUE KEY `index_users_on_reset_password_token` (`reset_password_token`)
) ENGINE=InnoDB AUTO_INCREMENT=26 DEFAULT CHARSET=utf8 COLLATE=utf8_unicode_ci;
/*!40101 SET character_set_client = @saved_cs_client */;

--
-- Dumping data for table `users`
--

LOCK TABLES `users` WRITE;
/*!40000 ALTER TABLE `users` DISABLE KEYS */;
INSERT INTO `users` VALUES (10,'gonewiththewind152@gmail.com','$2a$10$bOhUFyhD.J2GR1VJ8epQrO2xTBrOq6RoGabfQAiOl3z8fH/Zt9iLK',NULL,NULL,NULL,10,'2013-08-25 14:48:36','2013-08-20 07:31:45','127.0.0.1','127.0.0.1','Ken','Tran','Mr.','NUS',NULL,'CEG','2013-08-11 07:33:30','2013-08-25 14:48:36','Admin'),(12,'khoatran@nus.edu.sg','$2a$10$ZQ3YVkJQLRCT3f829GVlGO3zjeC81TzjmPsWHm93GHgNd9yflYudq',NULL,NULL,NULL,5,'2013-08-25 14:43:03','2013-08-20 07:16:16','127.0.0.1','127.0.0.1','Khoa','Tran','Mr.','NUS',NULL,'CEG','2013-08-13 07:49:09','2013-08-25 14:43:03','Student'),(13,'professor@professor.com','$2a$10$k4VT21p36H4SFrRPot4gUeUhZcpKGWFqshq5hbhzMkJW.H/ieNose',NULL,NULL,NULL,0,NULL,NULL,NULL,NULL,'Test','Professor','Prof.','NUS',NULL,'ECE','2013-08-13 09:09:19','2013-08-13 09:11:40','Professor'),(20,'a@a.com','$2a$10$VP.Ltu0WBcAQzfJAS7NlN.LguROb4G..lGFwfuLqUkXN3/Bm.25/O',NULL,NULL,NULL,0,NULL,NULL,NULL,NULL,'a','a','','',NULL,'','2013-08-19 14:24:00','2013-08-20 07:23:25','Student'),(21,'b@b.com','$2a$10$H.AExML6DftF60MgZnvKouCLe8QgofDWlGGvv6CmieNAY1Bivqn1O',NULL,NULL,NULL,0,NULL,NULL,NULL,NULL,NULL,NULL,NULL,NULL,NULL,NULL,'2013-08-19 14:24:01','2013-08-19 14:24:01','Student'),(22,'c@c.com','$2a$10$yHVAIh5tjrnnIDdR5Ed9OeeLbbk14V89yRVmN4jF.a765h7RER4za',NULL,NULL,NULL,0,NULL,NULL,NULL,NULL,'','','','',NULL,'','2013-08-19 14:28:37','2013-08-19 14:28:37','Manager'),(23,'admin@admin.com','$2a$10$FDRgpsOPuBrJtq2p0g.czudebr3q0w4T97PR9EPtByOLLAjWSJvBe',NULL,NULL,NULL,1,'2013-08-20 07:22:03','2013-08-20 07:22:03','127.0.0.1','127.0.0.1','','','','',NULL,'','2013-08-20 07:19:25','2013-08-20 07:22:03','Manager'),(24,'e@e.com','$2a$10$kpS/vDY1CTvHtJGlGZekTuT7/OouHjpSDz//YPmjBO/HH1f3nKmia',NULL,NULL,NULL,0,NULL,NULL,NULL,NULL,'','','','',NULL,'','2013-08-20 07:29:44','2013-08-20 07:29:44','Student'),(25,'f@f.com','$2a$10$phNYlGWWWor14KfT.7r9fuUjEx1z3M0nl.OrXX/3OXpvPwFn7OLOW',NULL,NULL,NULL,0,NULL,NULL,NULL,NULL,NULL,NULL,NULL,NULL,NULL,NULL,'2013-08-20 07:31:18','2013-08-20 07:31:18','Student');
/*!40000 ALTER TABLE `users` ENABLE KEYS */;
UNLOCK TABLES;
/*!40103 SET TIME_ZONE=@OLD_TIME_ZONE */;

/*!40101 SET SQL_MODE=@OLD_SQL_MODE */;
/*!40014 SET FOREIGN_KEY_CHECKS=@OLD_FOREIGN_KEY_CHECKS */;
/*!40014 SET UNIQUE_CHECKS=@OLD_UNIQUE_CHECKS */;
/*!40101 SET CHARACTER_SET_CLIENT=@OLD_CHARACTER_SET_CLIENT */;
/*!40101 SET CHARACTER_SET_RESULTS=@OLD_CHARACTER_SET_RESULTS */;
/*!40101 SET COLLATION_CONNECTION=@OLD_COLLATION_CONNECTION */;
/*!40111 SET SQL_NOTES=@OLD_SQL_NOTES */;

-- Dump completed on 2013-09-07 22:08:41
